timestamp,count
2024-11-24 00:14:47.611112,201079
2024-11-24 00:17:59.799428,202115
2024-11-24 00:18:55.474769,202395
2024-11-24 00:19:50.859058,202656
2024-11-24 00:21:02.716803,203033
2024-11-24 01:30:11.297124,219315
2024-11-24 01:31:07.012185,219498
2024-11-24 01:32:02.849433,219647
2024-11-24 01:32:58.684198,219817
2024-11-24 01:33:54.746391,219980
2024-11-24 01:39:38.832261,220994
2024-11-24 01:40:34.532710,221156
2024-11-24 01:41:29.780537,221281
2024-11-24 01:42:25.179662,221434
2024-11-24 01:43:21.384472,221555
2024-11-24 01:44:16.882011,221706
2024-11-24 01:45:12.228249,221840
2024-11-24 01:46:08.200288,221973
2024-11-24 01:47:03.806445,222139
2024-11-24 01:47:59.464586,222280
2024-11-24 01:48:55.569063,222439
2024-11-24 01:49:51.329564,222565
2024-11-24 01:50:46.696056,222682
2024-11-24 01:51:42.158927,222800
2024-11-24 01:52:37.637196,222939
2024-11-24 01:53:33.463596,223027
2024-11-24 01:54:28.842157,223158
2024-11-24 01:55:24.408801,223264
2024-11-24 01:56:20.040651,223417
2024-11-24 01:57:15.452226,223544
2024-11-24 01:58:22.362901,223718
2024-11-24 01:58:22.494053,223718
2024-11-24 01:59:18.026883,223852
2024-11-24 01:59:18.030051,223852
2024-11-24 02:00:13.444664,223979
2024-11-24 02:00:13.444700,223979
2024-11-24 02:01:08.914985,224094
2024-11-24 02:01:08.924575,224094
2024-11-24 02:02:04.754778,224207
2024-11-24 02:02:04.763299,224207
2024-11-24 02:03:00.201374,224310
2024-11-24 02:03:00.205334,224310
2024-11-24 02:03:56.075449,224438
2024-11-24 02:03:56.079243,224438
2024-11-24 02:04:51.935330,224547
2024-11-24 02:04:51.938337,224547
2024-11-24 02:30:23.332261,227476
2024-11-24 02:31:19.102153,227571
2024-11-24 02:32:14.547275,227648
2024-11-24 02:33:10.025795,227755
2024-11-24 02:34:05.490909,227836
2024-11-24 02:35:00.795281,227930
2024-11-24 02:35:56.202893,228004
2024-11-24 02:36:51.628914,228103
2024-11-24 02:37:47.275108,228161
2024-11-24 02:38:43.080038,228266
2024-11-24 02:39:39.249472,228338
2024-11-24 02:40:34.971013,228423
2024-11-24 02:41:30.575909,228493
2024-11-24 02:42:26.255257,228581
2024-11-24 02:43:21.938252,228661
2024-11-24 02:44:17.617194,228736
2024-11-24 02:45:13.408112,228803
2024-11-24 02:46:09.072422,228902
2024-11-24 02:47:04.570327,228969
2024-11-24 03:32:32.468221,232332
2024-11-24 03:33:28.139021,232399
2024-11-24 03:34:23.826633,232460
2024-11-24 03:35:20.567099,232527
2024-11-24 03:40:25.782681,232875
2024-11-24 03:41:04.085596,232914
2024-11-24 03:41:13.300658,232927
2024-11-24 03:42:00.239851,232968
2024-11-24 03:42:10.090818,232978
2024-11-24 03:43:05.664973,233045
2024-11-24 03:44:01.246186,233099
2024-11-24 03:44:56.764490,233164
2024-11-24 03:45:52.260141,233214
2024-11-24 03:46:48.445890,233290
2024-11-24 03:47:44.156970,233361
2024-11-24 03:48:40.210062,233429
2024-11-24 03:49:36.502298,233483
2024-11-24 03:50:31.796359,233550
2024-11-24 03:51:27.479617,233610
2024-11-24 03:52:23.684344,233678
2024-11-24 03:53:19.107952,233740
2024-11-24 03:54:14.483636,233797
2024-11-24 03:54:57.956883,233854
2024-11-24 03:55:10.229176,233861
2024-11-24 03:55:53.922401,233904
2024-11-24 03:56:06.502019,233916
2024-11-24 03:57:02.186969,233997
2024-11-24 03:57:59.199394,234045
2024-11-24 03:58:54.456354,234116
2024-11-24 03:59:50.499656,234171
2024-11-24 04:00:47.144942,234249
2024-11-24 04:01:43.187195,234309
2024-11-24 04:02:38.789185,234376
2024-11-24 04:03:35.286801,234427
2024-11-24 04:04:30.758954,234485
2024-11-24 04:05:27.014292,234533
2024-11-24 04:06:22.957647,234596
2024-11-24 04:07:19.694631,234669
2024-11-24 04:08:15.242148,234717
2024-11-24 04:09:10.633513,234773
2024-11-24 04:10:06.304497,234820
2024-11-24 04:10:07.723648,234820
2024-11-24 04:11:01.867126,234910
2024-11-24 04:11:03.823976,234910
2024-11-24 04:11:57.768975,234958
2024-11-24 04:11:59.437717,234958
2024-11-24 04:12:54.254866,235028
2024-11-24 04:13:29.925476,235060
2024-11-24 04:13:50.253641,235081
2024-11-24 04:14:26.075924,235120
2024-11-24 04:14:46.094037,235130
2024-11-24 04:15:22.212588,235160
2024-11-24 04:15:42.990385,235179
2024-11-24 04:16:18.317900,235221
2024-11-24 04:16:38.789781,235241
2024-11-24 04:17:34.673779,235315
2024-11-24 04:18:25.587633,235359
2024-11-24 04:18:31.168821,235359
2024-11-24 04:19:22.234777,235420
2024-11-24 04:19:27.537922,235439
2024-11-24 04:20:18.744593,235496
2024-11-24 04:20:23.496492,235496
2024-11-24 04:21:19.507735,235565
2024-11-24 04:22:15.510541,235628
2024-11-24 04:23:11.471643,235696
2024-11-24 04:24:07.297661,235749
2024-11-24 04:25:03.499867,235838
2024-11-24 04:25:59.973003,235900
2024-11-24 04:26:55.626351,235965
2024-11-24 04:27:51.190466,236045
2024-11-24 04:28:47.027024,236110
2024-11-24 04:29:43.812820,236175
2024-11-24 04:30:40.481958,236235
2024-11-24 04:31:36.919992,236299
2024-11-24 04:32:33.900070,236372
2024-11-24 04:33:29.695225,236437
2024-11-24 04:34:25.807470,236516
2024-11-24 04:35:22.202003,236578
2024-11-24 04:36:17.524875,236643
2024-11-24 04:37:14.230891,236714
2024-11-24 04:38:10.012761,236779
2024-11-24 04:39:05.727035,236842
2024-11-24 04:40:02.014444,236909
2024-11-24 04:40:58.062871,236960
2024-11-24 04:41:54.280133,237045
2024-11-24 04:42:51.248258,237130
2024-11-24 04:43:46.855342,237183
2024-11-24 04:44:42.436513,237258
2024-11-24 04:45:38.132040,237324
2024-11-24 04:46:34.525452,237397
2024-11-24 04:47:30.549248,237464
2024-11-24 04:48:27.255652,237535
2024-11-24 04:49:24.042463,237586
2024-11-24 04:50:20.653748,237657
2024-11-24 04:51:17.163106,237718
2024-11-24 04:52:12.798700,237782
2024-11-24 04:53:09.995307,237859
2024-11-24 04:54:06.025855,237927
2024-11-24 04:55:01.552627,237986
2024-11-24 04:55:57.857639,238049
2024-11-24 04:56:54.947723,238122
2024-11-24 04:57:50.349480,238193
2024-11-24 04:58:46.649285,238276
2024-11-24 04:59:43.627603,238361
2024-11-24 05:00:39.660766,238433
2024-11-24 05:01:36.813422,238503
2024-11-24 05:02:32.816586,238564
2024-11-24 05:03:29.431231,238613
2024-11-24 05:04:25.658608,238700
2024-11-24 05:05:22.716046,238772
2024-11-24 05:06:18.303483,238848
2024-11-24 08:10:38.209575,289630
2024-11-24 08:10:48.085608,289773
2024-11-24 08:10:55.630186,289894
2024-11-24 08:11:00.876690,289894
2024-11-24 08:11:34.373157,290252
2024-11-24 08:11:38.486246,290387
2024-11-24 08:11:41.143760,290387
2024-11-24 08:12:33.732107,291141
2024-11-24 08:12:36.592193,291141
2024-11-24 08:12:48.228294,291241
2024-11-24 08:13:32.988458,291721
2024-11-24 08:13:44.239719,291942
2024-11-24 08:14:40.969728,292522
2024-11-24 08:15:37.786262,293182
2024-11-24 08:16:33.181674,294007
2024-11-24 08:17:28.648486,294617
2024-11-24 08:18:24.516324,295226
2024-11-24 08:19:20.105091,296126
2024-11-24 08:20:15.819663,297157
2024-11-24 08:20:24.035814,297157
2024-11-24 08:21:20.406034,298201
2024-11-24 08:22:16.246726,299204
2024-11-24 08:23:12.185385,300050
2024-11-24 08:23:46.854770,300700
2024-11-24 08:24:42.564380,301452
2024-11-24 08:24:47.079858,301452
2024-11-24 08:25:38.384468,302416
2024-11-24 08:25:43.666271,302566
2024-11-24 08:26:34.266047,303260
2024-11-24 08:26:40.016764,303406
2024-11-24 08:26:53.320845,303581
2024-11-24 08:26:58.818151,303771
2024-11-24 08:27:30.741833,304301
2024-11-24 08:27:35.943429,304301
2024-11-24 08:28:26.289060,305331
2024-11-24 08:29:01.144856,305821
2024-11-24 08:29:22.576707,306143
2024-11-24 08:29:29.252692,306306
2024-11-24 08:30:19.631334,307127
2024-11-24 08:31:16.407682,308121
2024-11-24 08:32:11.706666,308944
2024-11-24 08:32:20.735228,309097
2024-11-24 08:33:17.431536,309908
2024-11-24 08:34:13.652351,310985
2024-11-24 08:34:55.848403,311522
2024-11-24 08:35:09.362596,311677
2024-11-24 08:35:48.383025,312223
2024-11-24 08:36:05.967439,312375
2024-11-24 08:36:43.992286,313155
2024-11-24 08:37:01.656195,313293
2024-11-24 08:37:39.564027,313926
2024-11-24 08:37:57.292652,314263
2024-11-24 08:38:35.929633,314753
2024-11-24 08:38:53.724479,315059
2024-11-24 08:39:31.966466,315863
2024-11-24 08:39:49.753704,316031
2024-11-24 08:40:28.774307,316611
2024-11-24 08:40:46.592162,316914
2024-11-24 08:41:25.286203,317375
2024-11-24 08:41:42.970269,317675
2024-11-24 08:41:49.839242,317841
2024-11-24 08:41:54.524827,317841
2024-11-24 08:42:38.304314,318628
2024-11-24 08:43:33.967625,319384
2024-11-24 08:43:50.298634,319697
2024-11-24 08:44:31.145952,320312
2024-11-24 08:44:46.554415,320444
2024-11-24 08:45:26.565020,321223
2024-11-24 08:45:42.503235,321379
2024-11-24 08:46:23.128831,321988
2024-11-24 08:46:36.001319,322302
2024-11-24 08:46:37.756903,322302
2024-11-24 08:47:18.823453,322952
2024-11-24 08:47:31.600317,323116
2024-11-24 08:47:33.180311,323116
2024-11-24 08:48:15.158511,323857
2024-11-24 08:48:27.841117,324050
2024-11-24 08:49:12.105993,324719
2024-11-24 08:49:24.245524,324889
2024-11-24 08:50:07.588840,325531
2024-11-24 08:50:20.365195,325849
2024-11-24 08:51:04.419593,326715
2024-11-24 08:51:16.780107,326883
2024-11-24 08:52:12.429733,327691
2024-11-24 08:53:08.353896,328633
2024-11-24 08:54:04.774849,329619
2024-11-24 08:54:13.087540,329782
2024-11-24 08:55:01.280487,330436
2024-11-24 08:55:09.519626,330626
2024-11-24 08:55:56.924005,331317
2024-11-24 08:56:05.443899,331475
2024-11-24 08:56:52.398674,332471
2024-11-24 08:57:01.123323,332471
2024-11-24 08:57:10.673968,332625
2024-11-24 08:57:48.344066,333360
2024-11-24 08:58:44.198113,334203
2024-11-24 08:59:39.672389,335195
2024-11-24 09:00:35.572283,336240
2024-11-24 09:01:30.891910,337100
2024-11-24 09:02:27.876806,338203
2024-11-24 09:03:23.098649,339164
2024-11-24 09:04:19.540759,340139
2024-11-24 09:05:00.788208,341104
2024-11-24 09:05:15.100113,341495
2024-11-24 09:05:58.501336,342193
2024-11-24 09:06:10.470457,342353
2024-11-24 09:06:54.447186,343277
2024-11-24 09:07:06.779955,343460
2024-11-24 09:07:50.780623,344322
2024-11-24 09:08:02.724586,344518
2024-11-24 09:08:46.459780,345314
2024-11-24 09:08:58.756360,345528
2024-11-24 09:09:42.719601,346760
2024-11-24 09:09:55.262464,346980
2024-11-24 09:10:38.162177,347842
2024-11-24 09:11:04.540482,348346
2024-11-24 09:11:34.136894,349385
2024-11-24 09:12:00.411193,349952
2024-11-24 09:12:05.204752,350259
2024-11-24 09:12:10.867156,350259
2024-11-24 09:12:30.639326,350820
2024-11-24 09:12:56.333018,351391
2024-11-24 09:13:26.628324,352587
2024-11-24 09:13:51.538010,353187
2024-11-24 09:14:23.344091,353970
2024-11-24 09:14:47.645554,354486
2024-11-24 09:32:08.592871,380872
2024-11-24 09:32:15.228594,381092
2024-11-24 09:32:20.620131,381092
2024-11-24 09:33:04.203387,382067
2024-11-24 09:33:05.566046,382067
2024-11-24 09:34:00.300054,383518
2024-11-24 09:34:02.115054,383518
2024-11-24 09:34:56.487999,384918
2024-11-24 09:34:58.032139,384918
2024-11-24 09:35:52.543605,386348
2024-11-24 09:35:54.246334,386348
2024-11-24 09:36:49.499843,387493
2024-11-24 09:36:51.265086,387493
2024-11-24 09:37:45.699268,388874
2024-11-24 09:38:42.696524,390067
2024-11-24 09:39:04.619510,390496
2024-11-24 09:39:26.072437,390963
2024-11-24 09:39:32.762557,391188
2024-11-24 09:39:39.388923,391420
2024-11-24 09:40:29.146443,392610
2024-11-24 09:46:19.990408,400597
2024-11-24 09:46:33.516139,401040
2024-11-24 09:46:47.820672,401295
2024-11-24 09:47:29.919038,402227
2024-11-24 09:47:35.016009,402227
2024-11-24 09:47:40.625442,402475
2024-11-24 09:54:47.794116,412489
2024-11-24 10:02:43.005632,423645
2024-11-24 10:02:58.867948,424162
2024-11-24 10:03:22.039830,424677
2024-11-24 10:03:25.112748,424952
2024-11-24 10:03:39.505231,425185
2024-11-24 10:04:18.043499,426216
2024-11-24 10:04:21.356195,426216
2024-11-24 10:04:36.256265,426440
2024-11-24 10:05:16.810503,427702
2024-11-24 10:05:32.214750,427954
2024-11-24 10:06:27.735508,429219
2024-11-24 10:07:34.042168,431150
2024-11-24 10:08:29.711970,432406
2024-11-24 10:15:49.881818,443574
2024-11-24 10:16:30.076034,444559
2024-11-24 10:17:13.658987,445747
2024-11-24 10:19:29.975809,448940
2024-11-24 10:19:42.524217,449179
2024-11-24 10:19:48.479081,449442
2024-11-24 10:23:37.660506,455239
2024-11-24 10:24:33.412675,456513
2024-11-24 10:24:49.102523,456756
2024-11-24 10:25:44.303112,458263
2024-11-24 10:26:34.750765,459589
2024-11-24 10:27:12.435780,460638
2024-11-24 10:28:30.385611,462654
2024-11-24 10:29:03.926030,463616
2024-11-24 10:29:59.624746,464923
2024-11-24 10:30:15.174625,465165
2024-11-24 10:30:18.290794,465410
2024-11-24 10:30:56.029228,466400
2024-11-24 10:31:52.114675,467655
2024-11-24 10:31:59.571133,467900
2024-11-24 10:34:43.032035,472051
2024-11-24 10:35:02.124908,472601
2024-11-24 10:35:08.275069,472601
2024-11-24 10:36:15.586984,474085
2024-11-24 10:37:27.811657,476010
2024-11-24 10:39:54.413333,479583
2024-11-24 10:40:12.333464,480078
2024-11-24 10:41:08.691555,481527
2024-11-24 10:42:05.615092,482832
2024-11-24 10:43:01.512991,484385
2024-11-24 10:43:57.793211,485870
2024-11-24 10:44:02.125399,485870
2024-11-24 10:44:27.764614,486367
2024-11-24 10:44:30.263307,486623
2024-11-24 10:44:49.204530,486876
2024-11-24 10:44:50.478200,487119
2024-11-24 10:44:53.726918,487369
2024-11-24 10:44:58.268174,487369
2024-11-24 10:45:45.046538,488587
2024-11-24 10:45:47.127510,488587
2024-11-24 10:45:48.975388,488587
2024-11-24 10:45:53.797018,488587
2024-11-24 10:46:50.521008,490011
2024-11-24 10:46:54.483208,490247
2024-11-24 10:47:47.376211,491459
2024-11-24 10:47:51.177791,491459
2024-11-24 10:48:42.715036,492686
2024-11-24 10:48:47.150671,492686
2024-11-24 10:49:39.550740,494211
2024-11-24 10:49:43.626747,494211
2024-11-24 10:49:51.304392,494458
2024-11-24 10:49:57.557888,494736
2024-11-24 10:50:36.069169,495465
2024-11-24 10:50:40.319420,495703
2024-11-24 10:51:32.722237,496878
2024-11-24 10:51:36.461644,497136
2024-11-24 10:52:28.485212,498321
2024-11-24 10:52:31.926302,498321
2024-11-24 10:53:14.875467,499531
2024-11-24 10:53:20.392201,499531
2024-11-24 10:53:24.671873,499775
2024-11-24 10:53:28.296431,499775
2024-11-24 10:54:21.231237,500964
2024-11-24 10:54:25.049781,500964
2024-11-24 10:54:34.710300,501198
2024-11-24 10:55:18.216446,502403
2024-11-24 10:55:21.780574,502616
2024-11-24 10:55:30.250041,502616
2024-11-24 10:56:13.989647,503624
2024-11-24 10:56:17.569722,503886
2024-11-24 10:57:09.856905,505111
2024-11-24 10:57:13.754309,505350
2024-11-24 10:58:06.317796,506524
2024-11-24 10:58:09.837372,506524
2024-11-24 10:58:51.762024,507546
2024-11-24 10:59:03.240920,507811
2024-11-24 10:59:06.030803,507811
2024-11-24 10:59:24.918533,508623
2024-11-24 10:59:48.812861,509095
2024-11-24 10:59:59.799314,509373
2024-11-24 11:00:01.460949,509373
2024-11-24 11:00:21.679968,509903
2024-11-24 11:00:34.016727,510161
2024-11-24 11:00:40.469768,510430
2024-11-24 11:00:55.578310,510709
2024-11-24 11:00:58.657044,510709
2024-11-24 11:01:03.513412,510955
2024-11-24 11:01:29.267574,511712
2024-11-24 11:01:36.255996,511957
2024-11-24 11:01:52.550069,512190
2024-11-24 11:01:54.215064,512454
2024-11-24 11:02:48.087540,513708
2024-11-24 11:02:49.670222,513708
2024-11-24 11:32:11.039743,558302
2024-11-24 11:33:07.325676,559757
2024-11-24 11:34:02.740087,561287
2024-11-24 11:34:43.766415,562019
2024-11-24 11:34:58.651086,562518
2024-11-24 11:35:32.179679,563264
2024-11-24 11:35:53.984156,564016
2024-11-24 11:36:33.995996,565005
2024-11-24 11:36:45.644435,565233
2024-11-24 11:36:49.576174,565233
2024-11-24 11:37:40.959598,566445
2024-11-24 11:37:44.888783,566445
2024-11-24 11:38:40.786337,567904
2024-11-24 11:38:52.558336,568143
2024-11-24 11:39:36.733143,569146
2024-11-24 11:40:33.041917,570589
2024-11-24 11:40:34.069301,570848
2024-11-24 11:41:22.772593,571852
2024-11-24 11:41:29.042631,572079
2024-11-24 11:41:59.116609,572576
2024-11-24 11:42:18.103708,573285
2024-11-24 11:42:25.082301,573513
2024-11-24 11:43:20.671308,574723
2024-11-24 11:44:17.027052,576194
2024-11-24 11:44:18.226325,576194
2024-11-24 11:44:45.893892,576929
2024-11-24 11:45:12.764162,577386
2024-11-24 11:45:14.712508,577386
2024-11-24 11:45:41.936977,578097
2024-11-24 11:46:08.773709,578798
2024-11-24 11:46:10.592264,578798
2024-11-24 11:46:16.038359,579052
2024-11-24 11:46:19.749104,579052
2024-11-24 11:47:04.876434,580022
2024-11-24 11:47:12.500420,580284
2024-11-24 11:48:01.369836,581779
2024-11-24 11:48:57.821144,583038
2024-11-24 11:49:52.473107,584226
2024-11-24 11:49:53.762910,584226
2024-11-24 11:50:49.036544,585819
2024-11-24 11:51:44.976791,587055
2024-11-24 11:52:29.769984,588251
2024-11-24 11:52:41.692267,588482
2024-11-24 11:53:22.318247,589427
2024-11-24 11:53:36.135678,589707
2024-11-24 11:53:36.926828,589707
2024-11-24 11:54:18.249083,590930
2024-11-24 11:54:24.254763,591184
2024-11-24 11:54:31.674348,591184
2024-11-24 11:54:32.423212,591424
2024-11-24 11:55:20.369164,592358
2024-11-24 11:55:28.221153,592581
2024-11-24 11:56:24.524222,594001
2024-11-24 11:56:49.025454,594488
2024-11-24 11:57:44.407010,595681
2024-11-24 11:58:21.770495,596894
2024-11-24 12:00:20.083915,599483
2024-11-24 12:01:03.763686,600681
2024-11-24 12:01:51.787499,601632
2024-11-24 12:02:46.546643,603087
2024-11-24 12:02:48.028270,603087
2024-11-24 12:03:09.072016,603590
2024-11-24 12:03:23.752962,603860
2024-11-24 12:03:42.009805,604335
2024-11-24 12:04:42.897156,606050
2024-11-24 12:04:56.933171,606310
2024-11-24 12:05:53.907757,607615
2024-11-24 12:06:51.023866,609119
2024-11-24 12:07:47.298684,610677
2024-11-24 12:08:07.537285,610899
2024-11-24 12:08:43.194803,612184
2024-11-24 12:09:39.548844,613420
2024-11-24 12:10:36.018624,614622
2024-11-24 12:10:40.052219,614622
2024-11-24 12:10:46.001731,615119
2024-11-24 12:11:32.650397,616123
2024-11-24 12:12:28.538283,617379
2024-11-24 12:13:23.814283,618826
2024-11-24 12:14:20.108534,620267
2024-11-24 12:15:16.475124,621644
2024-11-24 12:16:13.486699,622931
2024-11-24 12:17:08.802348,624426
2024-11-24 12:18:05.974584,625669
2024-11-24 12:19:03.149185,627493
2024-11-24 12:19:59.364681,628788
2024-11-24 12:20:54.941068,630249
2024-11-24 12:21:51.266042,631483
2024-11-24 12:21:56.726574,631738
2024-11-24 12:22:44.287839,632945
2024-11-24 12:22:46.691309,632945
2024-11-24 12:22:52.129134,633193
2024-11-24 12:23:21.319426,633689
2024-11-24 12:23:41.855392,634199
2024-11-24 12:23:47.693005,634455
2024-11-24 12:32:11.789064,646417
2024-11-24 12:32:21.722542,646679
2024-11-24 12:33:08.059682,647878
2024-11-24 12:34:03.889848,649119
2024-11-24 12:34:59.270570,650578
2024-11-24 12:35:55.164398,651807
2024-11-24 12:35:55.948243,652054
2024-11-24 12:36:50.766733,653530
2024-11-24 12:37:47.307155,654795
2024-11-24 12:38:42.656732,655998
2024-11-24 12:38:44.387279,655998
2024-11-24 12:39:38.222408,657488
2024-11-24 12:39:40.218791,657488
2024-11-24 12:40:34.007547,658772
2024-11-24 12:40:35.838252,658772
2024-11-24 12:41:29.521377,660155
2024-11-24 12:41:31.241997,660155
2024-11-24 12:42:24.846054,661379
2024-11-24 12:42:26.815048,661379
2024-11-24 12:43:20.169829,662756
2024-11-24 12:43:23.727681,663020
2024-11-24 12:44:16.238799,663960
2024-11-24 12:44:19.820412,664211
2024-11-24 12:45:11.770830,665724
2024-11-24 12:45:15.602091,665724
2024-11-24 12:46:07.384847,666919
2024-11-24 12:46:11.196735,666919
2024-11-24 12:47:04.333744,668408
2024-11-24 12:48:00.692342,669630
2024-11-24 12:48:05.339077,669630
2024-11-24 12:48:11.389045,669864
2024-11-24 12:48:38.191097,670603
2024-11-24 12:48:56.662233,670869
2024-11-24 12:48:57.438419,670869
2024-11-24 12:49:13.647633,671610
2024-11-24 12:49:47.508014,672315
2024-11-24 12:49:52.880438,672315
2024-11-24 12:50:22.916727,673047
2024-11-24 12:50:49.409372,673824
2024-11-24 12:51:18.280726,674484
2024-11-24 12:51:45.414379,675178
2024-11-24 12:52:20.915214,675896
2024-11-24 12:52:41.012843,676351
2024-11-24 12:53:36.685357,677784
2024-11-24 12:54:32.878831,678893
2024-11-24 12:55:29.493532,680309
2024-11-24 12:56:25.429833,681520
2024-11-24 12:57:21.009332,683154
2024-11-24 12:58:16.990007,684356
2024-11-24 12:59:13.837969,685612
2024-11-24 13:00:09.945302,687060
2024-11-24 13:01:05.268710,688336
2024-11-24 13:02:02.129841,689866
2024-11-24 13:02:59.200727,691444
2024-11-24 13:03:56.084430,692973
2024-11-24 13:04:05.106074,693220
2024-11-24 13:04:10.729921,693220
2024-11-24 13:04:52.203905,694214
2024-11-24 13:05:49.304718,695749
2024-11-24 13:06:45.233502,696946
2024-11-24 13:07:41.233570,698445
2024-11-24 13:08:36.277162,699783
2024-11-24 13:09:34.724182,701570
2024-11-24 13:10:31.398361,702825
2024-11-24 13:11:27.106674,704332
2024-11-24 13:13:04.679957,706658
2024-11-24 13:20:15.011742,719985
2024-11-24 13:20:25.057862,720674
2024-11-24 13:20:30.357873,720674
2024-11-24 13:21:26.568209,722346
2024-11-24 13:30:19.860472,738018
2024-11-24 13:30:23.469941,738018
2024-11-24 13:31:18.768443,739614
2024-11-24 13:32:15.426705,740940
2024-11-24 13:33:11.494092,742542
2024-11-24 13:33:19.925836,742758
2024-11-24 13:34:07.907195,744135
2024-11-24 13:37:05.262817,749450
2024-11-24 13:37:20.954289,749751
2024-11-24 13:40:01.265754,754332
2024-11-24 13:40:07.683386,754332
2024-11-24 13:42:25.303826,758791
2024-11-24 13:53:12.519758,776878
2024-11-24 13:53:26.522900,777410
2024-11-24 13:53:32.484379,777410
2024-11-24 13:55:00.867502,779919
2024-11-24 13:55:34.049000,780752
2024-11-24 13:56:30.698067,782515
2024-11-24 13:56:31.449420,782812
2024-11-24 13:58:15.059146,785430
2024-11-24 13:58:22.897504,786014
2024-11-24 13:59:31.952663,787733
2024-11-24 14:00:28.565913,789406
2024-11-24 14:01:01.212735,790208
2024-11-24 14:04:27.634021,796037
2024-11-24 14:04:55.283210,796603
2024-11-24 14:06:51.488823,799869
2024-11-24 14:07:48.290851,801518
2024-11-24 14:09:13.343302,804023
2024-11-24 14:11:34.109181,807782
2024-11-24 14:11:47.585670,808419
2024-11-24 14:13:33.693521,811413
2024-11-24 14:13:38.536436,811705
2024-11-24 14:32:50.203154,847218
2024-11-24 14:32:54.936005,847218
2024-11-24 14:33:00.551209,847529
2024-11-24 14:37:01.824653,854704
2024-11-24 14:37:05.918641,854990
2024-11-24 14:38:01.276374,856479
2024-11-24 14:38:57.678983,858257
2024-11-24 14:39:58.170292,859732
2024-11-24 14:40:55.265838,861695
2024-11-24 14:41:52.004021,863100
2024-11-24 14:42:48.750546,864657
2024-11-24 14:43:44.001420,865957
2024-11-24 14:44:40.847720,867571
2024-11-24 14:45:08.450836,868387
2024-11-24 14:45:37.564841,868947
2024-11-24 14:45:54.122983,869826
2024-11-24 14:46:22.197955,870417
2024-11-24 14:46:33.674009,870701
2024-11-24 14:47:17.564501,871764
2024-11-24 14:47:29.278447,872028
2024-11-24 14:47:46.274909,872873
2024-11-24 14:48:25.217235,873710
2024-11-24 14:48:35.319501,873985
2024-11-24 14:48:42.238423,874300
2024-11-24 14:49:20.884341,875366
2024-11-24 14:49:38.140565,875882
2024-11-24 14:50:17.748035,877019
2024-11-24 14:50:33.899263,877309
2024-11-24 14:51:14.559622,878735
2024-11-24 14:51:30.652408,879003
2024-11-24 14:52:11.459371,880105
2024-11-24 14:52:26.139279,880385
2024-11-24 14:53:06.996141,881796
2024-11-24 14:53:22.861431,882438
2024-11-24 14:54:02.244026,883310
2024-11-24 14:54:18.231817,883906
2024-11-24 14:54:58.363127,885084
2024-11-24 14:55:14.940418,885705
2024-11-24 14:55:54.329232,886588
2024-11-24 14:56:10.223868,887180
2024-11-24 14:56:50.596448,888326
2024-11-24 14:57:07.084509,888909
2024-11-24 14:57:45.965290,889742
2024-11-24 14:58:02.507664,890330
2024-11-24 14:58:41.551742,891423
2024-11-24 14:58:59.438460,892044
2024-11-24 14:59:38.667051,893204
2024-11-24 14:59:54.867368,893475
2024-11-24 15:00:34.656624,894877
2024-11-24 15:00:50.790215,895167
2024-11-24 15:01:30.506745,896298
2024-11-24 15:01:46.618749,896580
2024-11-24 15:02:26.265896,897964
2024-11-24 15:02:42.334103,898241
2024-11-24 15:03:23.045073,899368
2024-11-24 15:03:39.348706,899644
2024-11-24 15:03:44.902012,900236
2024-11-24 15:03:50.523990,900236
2024-11-24 15:04:20.006508,901038
2024-11-24 15:04:35.945260,901605
2024-11-24 15:05:15.343747,902433
2024-11-24 15:05:32.042420,903300
2024-11-24 15:05:45.745657,903596
2024-11-24 15:06:11.978632,904208
2024-11-24 15:06:28.691874,904803
2024-11-24 15:06:53.877988,905378
2024-11-24 15:07:08.328683,905681
2024-11-24 15:07:25.101552,906545
2024-11-24 15:08:05.147174,907717
2024-11-24 15:08:21.907255,908017
2024-11-24 15:08:35.742823,908309
2024-11-24 15:09:01.235336,909183
2024-11-24 15:09:09.568756,909183
2024-11-24 15:09:18.908260,909786
2024-11-24 15:09:58.083973,910945
2024-11-24 15:10:00.903856,910945
2024-11-24 15:10:05.030544,910945
2024-11-24 15:10:14.750729,911207
2024-11-24 15:10:54.119107,912667
2024-11-24 15:11:10.095207,912923
2024-11-24 15:11:50.885603,914021
2024-11-24 15:12:47.709584,915679
2024-11-24 15:13:43.121674,917025
2024-11-24 15:14:38.699257,918684
2024-11-24 15:15:35.435841,920047
2024-11-24 15:15:51.074532,920612
2024-11-24 15:16:31.110889,921963
2024-11-24 15:17:27.111297,923322
2024-11-24 15:18:22.767379,924966
2024-11-24 15:18:33.235410,925236
2024-11-24 15:19:18.564324,926287
2024-11-24 15:19:24.961234,926287
2024-11-24 15:19:28.998714,926569
2024-11-24 15:20:15.319182,928002
2024-11-24 15:20:27.763265,928236
2024-11-24 15:20:36.661118,928505
2024-11-24 15:32:16.195640,946930
2024-11-24 15:33:12.522788,948275
2024-11-24 15:34:09.618384,949893
2024-11-24 15:34:30.729147,950463
2024-11-24 15:34:31.739545,950463
2024-11-24 15:34:40.456354,950766
2024-11-24 15:34:46.353542,950766
2024-11-24 15:39:12.605665,958458
2024-11-24 15:44:54.145237,967844
2024-11-24 15:45:49.929388,969172
2024-11-24 15:46:46.049460,970746
2024-11-24 15:47:41.891190,972120
2024-11-24 15:48:37.570099,973763
2024-11-24 15:48:42.817646,973763
2024-11-24 15:49:34.380761,975116
2024-11-24 15:49:48.178088,975374
2024-11-24 15:50:30.801900,976800
2024-11-24 15:50:54.302514,977386
2024-11-24 15:51:28.004986,978257
2024-11-24 15:51:49.835333,979155
2024-11-24 15:52:12.760417,979738
2024-11-24 15:52:24.106194,980008
2024-11-24 15:52:45.726615,980585
2024-11-24 15:53:08.648134,981468
2024-11-24 15:53:18.072106,981468
2024-11-24 15:53:20.594515,981785
2024-11-24 15:53:42.880222,982678
2024-11-24 15:54:15.141128,983574
2024-11-24 15:54:16.125231,983574
2024-11-24 15:54:39.458244,984162
2024-11-24 15:55:11.792374,985385
2024-11-24 15:55:35.957393,985973
2024-11-24 15:55:46.010511,986260
2024-11-24 15:56:08.855305,986863
2024-11-24 15:56:31.825686,987419
2024-11-24 15:56:42.830450,987690
2024-11-24 15:57:04.803553,988594
2024-11-24 15:57:28.789814,989152
2024-11-24 15:57:38.909449,989434
2024-11-24 15:58:00.432706,990018
2024-11-24 15:58:24.119888,990610
2024-11-24 15:58:57.138733,991820
2024-11-24 15:59:20.518857,992406
2024-11-24 15:59:53.335979,993358
2024-11-24 15:59:54.902918,993358
2024-11-24 16:00:17.025063,993929
2024-11-24 16:00:48.606447,995208
2024-11-24 16:00:50.831066,995208
2024-11-24 16:01:13.026184,995819
2024-11-24 16:01:33.163443,996414
2024-11-24 16:01:46.666735,996698
2024-11-24 16:02:09.065721,997640
2024-11-24 16:02:30.200346,998300
2024-11-24 16:02:43.157680,998577
2024-11-24 16:03:26.997097,999853
2024-11-24 16:03:39.684343,1000196
2024-11-24 16:04:22.641988,1001918
2024-11-24 16:05:54.301688,1004930
2024-11-24 16:06:08.318919,1005655
2024-11-24 16:06:14.503190,1005655
2024-11-24 16:10:53.571138,1015728
2024-11-24 16:14:23.642112,1023735
2024-11-24 16:16:54.180090,1028986
2024-11-24 16:17:50.380415,1031158
2024-11-24 16:20:47.234264,1037611
2024-11-24 16:20:59.710722,1038009
2024-11-24 16:21:10.759395,1038337
2024-11-24 16:22:06.141007,1040469
2024-11-24 16:22:25.566285,1041190
2024-11-24 16:23:20.808965,1043267
2024-11-24 16:26:04.669182,1048421
2024-11-24 16:28:52.578519,1053955
2024-11-24 16:37:58.980523,1072155
2024-11-24 16:38:28.635474,1073121
2024-11-24 16:38:55.098462,1073769
2024-11-24 16:43:16.496163,1082187
2024-11-24 16:44:12.285002,1084148
2024-11-24 16:44:41.701052,1085082
2024-11-24 16:45:07.770827,1085698
2024-11-24 16:45:09.786151,1086033
2024-11-24 16:45:46.776870,1087386
2024-11-24 16:46:42.713870,1089105
2024-11-24 16:46:56.901640,1089742
2024-11-24 16:47:39.797784,1091099
2024-11-24 16:47:52.621138,1091395
2024-11-24 16:48:48.808555,1093328
2024-11-24 16:49:06.726037,1094012
2024-11-24 16:50:03.144140,1095960
2024-11-24 16:50:59.502433,1097614
2024-11-24 16:51:55.904239,1099647
2024-11-24 16:52:08.916981,1099991
2024-11-24 16:54:27.830343,1104281
2024-11-24 16:54:55.815030,1105640
2024-11-24 16:55:03.106641,1105640
2024-11-24 16:55:08.828275,1105968
2024-11-24 16:56:10.513127,1107985
2024-11-24 16:58:46.277252,1112894
2024-11-24 17:03:55.740505,1123621
2024-11-24 17:05:13.384303,1125906
2024-11-24 17:05:38.031814,1126878
2024-11-24 17:06:16.164569,1128206
2024-11-24 17:06:34.198336,1128571
2024-11-24 17:07:31.316859,1130634
2024-11-24 17:08:27.360519,1132254
2024-11-24 17:09:16.951895,1134243
2024-11-24 17:09:23.739495,1134243
2024-11-24 17:09:25.905827,1134551
2024-11-24 17:10:12.877879,1136131
2024-11-24 17:10:19.046555,1136131
2024-11-24 17:10:21.376643,1136131
2024-11-24 17:10:57.338105,1137397
2024-11-24 17:11:09.077779,1137771
2024-11-24 17:11:15.725576,1137771
2024-11-24 17:12:00.510127,1139438
2024-11-24 17:12:06.012065,1139763
2024-11-24 17:12:11.944103,1139763
2024-11-24 17:12:54.899844,1141101
2024-11-24 17:12:56.066974,1141101
2024-11-24 17:13:01.775075,1141449
2024-11-24 17:13:07.171635,1141449
2024-11-24 17:13:36.573357,1142769
2024-11-24 17:13:42.425310,1142769
2024-11-24 17:14:02.917182,1143392
2024-11-24 17:14:59.469884,1144921
2024-11-24 17:15:54.747369,1146712
2024-11-24 17:16:50.125657,1148678
2024-11-24 17:17:46.007065,1150253
2024-11-24 17:18:18.061416,1151571
2024-11-24 17:18:41.559857,1152201
2024-11-24 17:18:42.919304,1152201
2024-11-24 17:18:58.293992,1152861
2024-11-24 17:19:17.854352,1153571
2024-11-24 17:19:37.040075,1153907
2024-11-24 17:19:39.311882,1154272
2024-11-24 17:19:44.270088,1154617
2024-11-24 17:20:33.696615,1155995
2024-11-24 17:20:35.923702,1156328
2024-11-24 17:21:30.599487,1157917
2024-11-24 17:21:32.836611,1158266
2024-11-24 17:21:57.212377,1158855
2024-11-24 17:22:27.566060,1159624
2024-11-24 17:23:22.794531,1161740
2024-11-24 17:24:06.804186,1163153
2024-11-24 17:24:19.967260,1163840
2024-11-24 17:25:15.326093,1165554
2024-11-24 17:26:12.207442,1167558
2024-11-24 17:27:08.929821,1169674
2024-11-24 17:27:23.305497,1170054
2024-11-24 17:28:05.520962,1171692
2024-11-24 17:29:02.354591,1173721
2024-11-24 17:29:58.485217,1175475
2024-11-24 17:30:54.558969,1177496
2024-11-24 17:31:49.873310,1179219
2024-11-24 17:32:45.904466,1181235
2024-11-24 17:33:41.971049,1183221
2024-11-24 17:34:11.562328,1183921
2024-11-24 17:34:37.953128,1184933
2024-11-24 17:35:06.965470,1185925
2024-11-24 17:35:33.783869,1186654
2024-11-24 17:35:56.999711,1187648
2024-11-24 17:36:29.902665,1188684
2024-11-24 17:36:49.433304,1189353
2024-11-24 17:37:25.251698,1190317
2024-11-24 17:37:45.030707,1191059
2024-11-24 17:38:21.416615,1192347
2024-11-24 17:39:16.932536,1194075
2024-11-24 17:40:13.127723,1196067
2024-11-24 17:40:32.286094,1196706
2024-11-24 17:41:08.626166,1197674
2024-11-24 17:41:10.520541,1198003
2024-11-24 17:41:53.586153,1199367
2024-11-24 17:42:04.004549,1199705
2024-11-24 17:42:59.750261,1201808
2024-11-24 17:43:55.907346,1203519
2024-11-24 17:44:43.717102,1205472
2024-11-24 17:44:52.667609,1205472
2024-11-24 17:45:24.303465,1206518
2024-11-24 17:45:44.587684,1207200
2024-11-24 17:45:49.891619,1207521
2024-11-24 17:46:20.977428,1208488
2024-11-24 17:46:40.748332,1209144
2024-11-24 17:46:46.221846,1209494
2024-11-24 17:47:16.895905,1210136
2024-11-24 17:47:41.846616,1211603
2024-11-24 17:48:07.292010,1212306
2024-11-24 17:48:38.224235,1213393
2024-11-24 17:49:33.668830,1215048
2024-11-24 17:50:29.074379,1216789
2024-11-24 17:51:25.710366,1218913
2024-11-24 17:52:21.362215,1220916
2024-11-24 17:52:45.619959,1221969
2024-11-24 17:53:17.521611,1223004
2024-11-24 17:54:12.794754,1224716
2024-11-24 17:55:08.598404,1226398
2024-11-24 17:55:21.626956,1227350
2024-11-24 17:56:04.207531,1228347
2024-11-24 17:56:33.750583,1229368
2024-11-24 17:57:00.907512,1230393
2024-11-24 17:57:30.013902,1231467
2024-11-24 17:57:57.463183,1232156
2024-11-24 17:58:25.434704,1233542
2024-11-24 17:58:54.513767,1234573
2024-11-24 17:59:21.442681,1235279
2024-11-24 17:59:51.270726,1236679
2024-11-24 17:59:57.240608,1236679
2024-11-24 18:00:02.587147,1237023
2024-11-24 18:00:20.904580,1237391
2024-11-24 18:00:47.540389,1238426
2024-11-24 18:01:43.107319,1240456
2024-11-24 18:01:44.101465,1240456
2024-11-24 18:02:39.172598,1242120
2024-11-24 18:03:35.711732,1244144
2024-11-24 18:04:26.395338,1245480
2024-11-24 18:04:32.524256,1246154
2024-11-24 18:05:13.012642,1247143
2024-11-24 18:05:28.006107,1247783
2024-11-24 18:05:31.927847,1247783
2024-11-24 18:05:47.864449,1248140
2024-11-24 18:06:27.679041,1249770
2024-11-24 18:06:31.869964,1249770
2024-11-24 18:06:43.554766,1250071
2024-11-24 18:07:23.044645,1251314
2024-11-24 18:07:36.243182,1251671
2024-11-24 18:07:38.918078,1251671
2024-11-24 18:08:34.869065,1253596
2024-11-24 18:09:30.609383,1255445
2024-11-24 18:10:26.122847,1257047
2024-11-24 18:11:22.244059,1259005
2024-11-24 18:12:17.846694,1260642
2024-11-24 18:13:13.312776,1262520
2024-11-24 18:14:08.803727,1264559
2024-11-24 18:14:09.938699,1264559
2024-11-24 18:15:04.712257,1266143
2024-11-24 18:16:00.037085,1268094
2024-11-24 18:16:00.909850,1268094
2024-11-24 18:16:56.608628,1269622
2024-11-24 18:17:40.754036,1271255
2024-11-24 18:17:51.991331,1271560
2024-11-24 18:17:53.744649,1271560
2024-11-24 18:18:26.974568,1272548
2024-11-24 18:18:48.525200,1273212
2024-11-24 18:18:49.373278,1273212
2024-11-24 18:19:22.475103,1274470
2024-11-24 18:19:43.971055,1275113
2024-11-24 18:20:18.186177,1276105
2024-11-24 18:20:39.177990,1277090
2024-11-24 18:20:40.019627,1277090
2024-11-24 18:20:49.897690,1277444
2024-11-24 18:32:18.892478,1299112
2024-11-24 18:33:15.318096,1301000
2024-11-24 18:34:11.122950,1302581
2024-11-24 18:34:12.817120,1302581
2024-11-24 18:34:55.709179,1304177
2024-11-24 18:35:07.013636,1304531
2024-11-24 18:35:52.716671,1305748
2024-11-24 18:36:04.054522,1306066
2024-11-24 18:36:49.575047,1307667
2024-11-24 18:37:01.170682,1307988
2024-11-24 18:37:13.989242,1308293
2024-11-24 18:37:16.401571,1308293
2024-11-24 18:37:45.066568,1309266
2024-11-24 18:37:56.653733,1309888
2024-11-24 18:38:11.193690,1310187
2024-11-24 18:38:40.375820,1311137
2024-11-24 18:38:52.281987,1311443
2024-11-24 18:39:49.472059,1313262
2024-11-24 18:40:46.329313,1314819
2024-11-24 18:41:43.297886,1316709
2024-11-24 18:41:45.467895,1317031
2024-11-24 18:42:40.217125,1318621
2024-11-24 18:43:36.279892,1320450
2024-11-24 18:43:55.445651,1320719
2024-11-24 18:44:31.990274,1321995
2024-11-24 18:45:28.561001,1323831
2024-11-24 18:46:25.252981,1325652
2024-11-24 18:47:21.238845,1327218
2024-11-24 18:47:25.143321,1327218
2024-11-24 18:47:30.869296,1327825
2024-11-24 18:48:17.971315,1329079
2024-11-24 18:49:14.194353,1330927
2024-11-24 18:50:09.639016,1332480
2024-11-24 18:50:32.922396,1333121
2024-11-24 18:50:55.842223,1334065
2024-11-24 18:51:04.256903,1334356
2024-11-24 18:51:05.979155,1334356
2024-11-24 18:51:28.344180,1334999
2024-11-24 18:52:00.078598,1335949
2024-11-24 18:52:02.932194,1335949
2024-11-24 18:52:24.281554,1336953
2024-11-24 18:52:58.765906,1337873
2024-11-24 18:53:20.347080,1338520
2024-11-24 18:53:25.063833,1338520
2024-11-24 18:53:55.167076,1339513
2024-11-24 18:54:16.317403,1340438
2024-11-24 18:54:52.218738,1341341
2024-11-24 18:55:12.844481,1341983
2024-11-24 18:55:19.923598,1342299
2024-11-24 18:55:40.395980,1342934
2024-11-24 18:55:49.160799,1343232
2024-11-24 18:56:09.777699,1343859
2024-11-24 18:56:17.014090,1344168
2024-11-24 18:56:45.654580,1344732
2024-11-24 18:57:06.149321,1345396
2024-11-24 18:57:12.944414,1345660
2024-11-24 18:57:42.074864,1346600
2024-11-24 18:58:03.088496,1347244
2024-11-24 18:58:09.642491,1347549
2024-11-24 18:58:38.205192,1348513
2024-11-24 18:58:59.441915,1348815
2024-11-24 18:59:05.845887,1349453
2024-11-24 18:59:27.496591,1350056
2024-11-24 18:59:34.114648,1350056
2024-11-24 18:59:55.140696,1350651
2024-11-24 19:00:02.620683,1350936
2024-11-24 19:00:24.458557,1351581
2024-11-24 19:00:31.257240,1352221
2024-11-24 19:00:51.548784,1352541
2024-11-24 19:00:58.987713,1352819
2024-11-24 19:01:28.296193,1353691
2024-11-24 19:01:48.086122,1354281
2024-11-24 19:01:55.240182,1354281
2024-11-24 19:02:24.336051,1355528
2024-11-24 19:02:30.547783,1355528
2024-11-24 19:02:36.628291,1355835
2024-11-24 19:02:45.062250,1356157
2024-11-24 19:02:50.871980,1356157
2024-11-24 19:03:20.188992,1357027
2024-11-24 19:03:21.052016,1357027
2024-11-24 19:03:27.065219,1357027
2024-11-24 19:03:40.757277,1357616
2024-11-24 19:03:46.811075,1357616
2024-11-24 19:04:16.759519,1358810
2024-11-24 19:04:36.979617,1359483
2024-11-24 19:04:42.864634,1359483
2024-11-24 19:05:13.645403,1360432
2024-11-24 19:05:32.927774,1361314
2024-11-24 19:05:38.913452,1361314
2024-11-24 19:05:55.500624,1361944
2024-11-24 19:06:09.233760,1362256
2024-11-24 19:32:20.378763,1408869
2024-11-24 19:33:16.005209,1410661
2024-11-24 19:33:32.865553,1410932
2024-11-24 19:34:11.236444,1412154
2024-11-24 19:34:28.382469,1412731
2024-11-24 19:35:07.174699,1413966
2024-11-24 19:35:24.274095,1414273
2024-11-24 19:36:03.773368,1415828
2024-11-24 19:36:20.557228,1416134
2024-11-24 19:37:00.000128,1417328
2024-11-24 19:37:16.150633,1417632
2024-11-24 19:37:55.660426,1419136
2024-11-24 19:37:57.284761,1419136
2024-11-24 19:38:11.605953,1419450
2024-11-24 19:38:52.096251,1421004
2024-11-24 19:38:53.207359,1421004
2024-11-24 19:39:07.339038,1421308
2024-11-24 19:39:11.034205,1421308
2024-11-24 19:39:48.059867,1422524
2024-11-24 19:40:03.397414,1422837
2024-11-24 19:40:11.937064,1423107
2024-11-24 19:40:26.784111,1423409
2024-11-24 19:40:28.046950,1423409
2024-11-24 19:40:32.991024,1424034
2024-11-24 19:40:43.837167,1424347
2024-11-24 19:40:45.650169,1424347
2024-11-24 19:41:00.019006,1424615
2024-11-24 19:41:24.914849,1425218
2024-11-24 19:41:40.282080,1425780
2024-11-24 19:41:42.249882,1425780
2024-11-24 19:41:56.837278,1426100
2024-11-24 19:42:01.895751,1426451
2024-11-24 19:42:25.950050,1427361
2024-11-24 19:42:37.281725,1427673
2024-11-24 19:42:52.864876,1427971
2024-11-24 19:43:33.630980,1429139
2024-11-24 19:43:49.561214,1429434
2024-11-24 19:44:29.618435,1430890
2024-11-24 19:44:46.146549,1431470
2024-11-24 19:45:25.893202,1432400
2024-11-24 19:45:41.895189,1433015
2024-11-24 19:46:21.745475,1434216
2024-11-24 19:46:22.746005,1434216
2024-11-24 19:46:37.491780,1434817
2024-11-24 19:47:17.286342,1435879
2024-11-24 19:47:18.232999,1435879
2024-11-24 19:47:33.555472,1436464
2024-11-24 19:48:03.693213,1437080
2024-11-24 19:48:13.445990,1437362
2024-11-24 19:48:15.188447,1437362
2024-11-24 19:48:30.522027,1437932
2024-11-24 19:48:52.539222,1438795
2024-11-24 19:48:59.024136,1438795
2024-11-24 19:49:10.736694,1439081
2024-11-24 19:49:25.996579,1439643
2024-11-24 19:49:49.246174,1440206
2024-11-24 19:50:06.940569,1440492
2024-11-24 19:50:07.935957,1440492
2024-11-24 19:50:22.046154,1441071
2024-11-24 19:50:45.183656,1441910
2024-11-24 19:51:02.730641,1442200
2024-11-24 19:51:04.738213,1442504
2024-11-24 19:51:17.526722,1442789
2024-11-24 19:51:59.175907,1443668
2024-11-24 19:52:00.448421,1443934
2024-11-24 19:52:14.260038,1444469
2024-11-24 19:52:54.814654,1445352
2024-11-24 19:52:56.220363,1445630
2024-11-24 19:53:09.723607,1445890
2024-11-24 19:53:51.193447,1447317
2024-11-24 19:53:51.919127,1447317
2024-11-24 19:54:05.080103,1447606
2024-11-24 19:54:33.247487,1448248
2024-11-24 19:54:47.628331,1448837
2024-11-24 19:55:00.952794,1449140
2024-11-24 20:32:21.096206,1514556
2024-11-24 20:33:14.503367,1515725
2024-11-24 20:33:17.783101,1516009
2024-11-24 20:34:14.228839,1517757
2024-11-24 20:35:11.142431,1519233
2024-11-24 20:36:08.040145,1520941
2024-11-24 20:37:04.068862,1522360
2024-11-24 20:38:00.420022,1523981
2024-11-24 20:38:01.401858,1523981
2024-11-24 20:38:55.953778,1525335
2024-11-24 20:38:56.934560,1525335
2024-11-24 20:39:51.897603,1527041
2024-11-24 20:39:58.684644,1527323
2024-11-24 20:40:03.601056,1527323
2024-11-24 20:40:47.540335,1528415
2024-11-24 20:40:53.010015,1528689
2024-11-24 20:41:43.094828,1530009
2024-11-24 20:41:43.823745,1530009
2024-11-24 20:42:39.520588,1531351
2024-11-24 20:42:59.507768,1532179
2024-11-24 20:43:07.304577,1532484
2024-11-24 20:43:35.474350,1533257
2024-11-24 20:44:04.284836,1533859
2024-11-24 20:44:31.337813,1534968
2024-11-24 20:44:33.120998,1534968
2024-11-24 20:44:40.240120,1534968
2024-11-24 20:45:00.119165,1535536
2024-11-24 20:45:27.436601,1536373
2024-11-24 20:45:30.192732,1536373
2024-11-24 20:45:37.011324,1536659
2024-11-24 20:45:56.561511,1536946
2024-11-24 20:46:24.367301,1538119
2024-11-24 20:46:25.536283,1538119
2024-11-24 20:46:52.645760,1538665
2024-11-24 20:47:20.910076,1539475
2024-11-24 20:47:22.375259,1539475
2024-11-24 20:47:49.132873,1540097
2024-11-24 20:48:16.962541,1541224
2024-11-24 20:48:18.134971,1541224
2024-11-24 20:48:50.684148,1542060
2024-11-24 20:49:12.420799,1542565
2024-11-24 20:49:13.679990,1542565
2024-11-24 20:49:45.928642,1543605
2024-11-24 20:49:50.061322,1543605
2024-11-24 20:50:08.218053,1544167
2024-11-24 20:50:10.567821,1544167
2024-11-24 20:50:41.733647,1545001
2024-11-24 20:50:45.884679,1545001
2024-11-24 20:51:05.157118,1545481
2024-11-24 20:51:06.391547,1545481
2024-11-24 20:51:38.769644,1546583
2024-11-24 20:51:42.216258,1546583
2024-11-24 20:52:01.817022,1547099
2024-11-24 20:52:38.663496,1548179
2024-11-24 20:52:57.399705,1548447
2024-11-24 20:52:59.182878,1548447
2024-11-24 20:53:18.717889,1549255
2024-11-24 20:53:35.848758,1549798
2024-11-24 20:53:52.747534,1550062
2024-11-24 20:53:56.677148,1550340
2024-11-24 20:54:49.830487,1551642
2024-11-24 20:54:53.581731,1551894
2024-11-24 20:55:46.054812,1553221
2024-11-24 20:55:50.122899,1553221
2024-11-24 20:55:58.806101,1553526
2024-11-24 20:56:42.320755,1554754
2024-11-24 20:56:45.908624,1554754
2024-11-24 20:57:38.115294,1556073
2024-11-24 20:57:42.015410,1556073
2024-11-24 20:58:02.840755,1556589
2024-11-24 20:58:35.158399,1557665
2024-11-24 20:58:37.378838,1557665
2024-11-24 20:58:52.282009,1557902
2024-11-24 20:58:53.212327,1558173
2024-11-24 20:59:08.196289,1558458
2024-11-24 20:59:30.967125,1558997
2024-11-24 20:59:34.420100,1558997
2024-11-24 20:59:39.952881,1559260
2024-11-24 20:59:45.904989,1559260
2024-11-24 20:59:48.485171,1559547
2024-11-24 21:00:17.378203,1560343
2024-11-24 21:00:23.417300,1560585
2024-11-24 21:00:26.958760,1560585
2024-11-24 21:00:30.978778,1560585
2024-11-24 21:32:22.116309,1608954
2024-11-24 21:33:17.903768,1610375
2024-11-24 21:34:13.934972,1611575
2024-11-24 21:35:10.390948,1613031
2024-11-24 21:35:30.358562,1613541
2024-11-24 21:36:06.283059,1614572
2024-11-24 21:37:01.567921,1615976
2024-11-24 21:37:03.034998,1616235
2024-11-24 21:37:53.099095,1617340
2024-11-24 21:37:57.016003,1617663
2024-11-24 21:37:58.959062,1617663
2024-11-24 21:38:53.878392,1619358
2024-11-24 21:38:55.938974,1619358
2024-11-24 21:39:50.761450,1620566
2024-11-24 21:39:52.426199,1620566
2024-11-24 21:40:06.395449,1620840
2024-11-24 21:40:47.704596,1622066
2024-11-24 21:41:21.067235,1622817
2024-11-24 21:41:43.478035,1623234
2024-11-24 21:41:45.028826,1623234
2024-11-24 21:42:39.314993,1624644
2024-11-24 21:42:40.555214,1624644
2024-11-24 21:43:36.255113,1625770
2024-11-24 21:44:32.657297,1627366
2024-11-24 21:44:45.896313,1627597
2024-11-24 21:45:10.569404,1628007
2024-11-24 21:45:28.956167,1628412
2024-11-24 21:45:30.047504,1628412
2024-11-24 21:45:34.478528,1628412
2024-11-24 21:46:25.114076,1629776
2024-11-24 21:46:26.743156,1629776
2024-11-24 21:47:20.865856,1630857
2024-11-24 21:47:21.980122,1630857
2024-11-24 21:47:27.925538,1631096
2024-11-24 21:48:16.250984,1632249
2024-11-24 21:48:18.052996,1632249
2024-11-24 21:49:11.739989,1633362
2024-11-24 21:49:13.816881,1633362
2024-11-24 21:50:07.356769,1634535
2024-11-24 21:50:09.665770,1634535
2024-11-24 21:51:02.643617,1635845
2024-11-24 21:51:06.135026,1636049
2024-11-24 21:51:28.979470,1636516
2024-11-24 21:51:39.112217,1636707
2024-11-24 21:52:02.432888,1637149
2024-11-24 21:52:35.034384,1638007
2024-11-24 21:52:57.689665,1638430
2024-11-24 21:53:53.874655,1639495
2024-11-24 21:54:50.795117,1640721
2024-11-24 21:55:46.143768,1641858
2024-11-24 21:55:50.321696,1642096
2024-11-24 21:56:41.971271,1643314
2024-11-24 21:57:38.593266,1644826
2024-11-24 21:58:35.249853,1646258
2024-11-24 21:59:31.678111,1647437
2024-11-24 22:00:27.983801,1648770
2024-11-24 22:00:39.610723,1649012
2024-11-24 22:01:23.443153,1649822
2024-11-24 22:02:20.141716,1651050
2024-11-24 22:03:17.070078,1652355